Tue Jun 10 04:18:27 UTC 2025 - commit 1
Tue Jun 10 04:18:27 UTC 2025 - commit 2
Tue Jun 10 04:18:27 UTC 2025 - commit 3
Tue Jun 10 04:18:27 UTC 2025 - commit 4
Tue Jun 10 04:18:27 UTC 2025 - commit 5
Tue Jun 10 04:18:27 UTC 2025 - commit 6
Tue Jun 10 04:18:27 UTC 2025 - commit 7
Tue Jun 10 04:18:27 UTC 2025 - commit 8
Tue Jun 10 04:18:27 UTC 2025 - commit 9
Tue Jun 10 04:18:27 UTC 2025 - commit 10
Tue Jun 10 04:18:27 UTC 2025 - commit 11
Tue Jun 10 04:18:27 UTC 2025 - commit 12
Tue Jun 10 04:18:27 UTC 2025 - commit 13
Tue Jun 10 04:18:27 UTC 2025 - commit 14
Tue Jun 10 04:18:27 UTC 2025 - commit 15
Tue Jun 10 04:18:27 UTC 2025 - commit 16
